revision,benchmark,lower_us,estimate_us,upper_us
after4,execution/isolated/msm/32/synchronous/1,179.6,179.79,179.99
after4,execution/isolated/msm/32/runs/1,179.56,179.81,180.08
after4,execution/isolated/msm/1024/synchronous/1,3383.8,3401,3420.3
after4,execution/isolated/msm/1024/runs/1,3419.2,3442.4,3463.5
after4,execution/isolated/msm/8192/synchronous/1,21032,21084,21167
after4,execution/isolated/msm/8192/runs/1,21070,21224,21407
after4,execution/isolated/fft/64/false/Forward/synchronous/1,3.9025,3.9076,3.9124
after4,execution/isolated/fft/64/false/Forward/stage/1,3.8712,3.8745,3.8788
after4,execution/isolated/fft/64/false/Forward/blocked/1,3.8717,3.8772,3.8829
after4,execution/isolated/fft/64/false/Inverse/synchronous/1,3.9543,3.9584,3.9635
after4,execution/isolated/fft/64/false/Inverse/stage/1,3.9191,3.9235,3.9282
after4,execution/isolated/fft/64/false/Inverse/blocked/1,3.9214,3.9289,3.9359
after4,execution/isolated/fft/64/true/Forward/synchronous/1,5.1386,5.1453,5.1516
after4,execution/isolated/fft/64/true/Forward/stage/1,5.1047,5.109,5.1139
after4,execution/isolated/fft/64/true/Forward/blocked/1,5.103,5.1085,5.1138
after4,execution/isolated/fft/64/true/Inverse/synchronous/1,4.9089,4.9156,4.9242
after4,execution/isolated/fft/64/true/Inverse/stage/1,4.8773,4.8833,4.8887
after4,execution/isolated/fft/64/true/Inverse/blocked/1,4.876,4.8929,4.9111
after4,execution/isolated/fft/2048/false/Forward/synchronous/1,273.5,274.91,277.5
after4,execution/isolated/fft/2048/false/Forward/stage/1,243.03,243.64,244.41
after4,execution/isolated/fft/2048/false/Forward/blocked/1,273.11,273.37,273.64
after4,execution/isolated/fft/2048/false/Inverse/synchronous/1,277.8,278.08,278.37
after4,execution/isolated/fft/2048/false/Inverse/stage/1,271.05,271.44,271.84
after4,execution/isolated/fft/2048/false/Inverse/blocked/1,278.02,279.21,281.05
after4,execution/isolated/fft/2048/true/Forward/synchronous/1,314.62,314.89,315.17
after4,execution/isolated/fft/2048/true/Forward/stage/1,285.56,286.67,288.25
after4,execution/isolated/fft/2048/true/Forward/blocked/1,313.43,314.05,314.6
after4,execution/isolated/fft/2048/true/Inverse/synchronous/1,309.07,309.42,309.81
after4,execution/isolated/fft/2048/true/Inverse/stage/1,316.79,317.12,317.5
after4,execution/isolated/fft/2048/true/Inverse/blocked/1,309.21,309.65,310.13
after4,execution/isolated/fft/16384/false/Forward/synchronous/1,2672,2674.9,2677.4
after4,execution/isolated/fft/16384/false/Forward/stage/1,2890,2895.8,2901.1
after4,execution/isolated/fft/16384/false/Forward/blocked/1,2669.6,2674.1,2678.6
after4,execution/isolated/fft/16384/false/Inverse/synchronous/1,2709.8,2712.9,2716.7
after4,execution/isolated/fft/16384/false/Inverse/stage/1,2961.5,2965.6,2969.5
after4,execution/isolated/fft/16384/false/Inverse/blocked/1,2711.4,2713.1,2715.3
after4,execution/isolated/fft/16384/true/Forward/synchronous/1,3486,3501.8,3516.1
after4,execution/isolated/fft/16384/true/Forward/stage/1,3249.4,3254,3259.5
after4,execution/isolated/fft/16384/true/Forward/blocked/1,3470.5,3484,3499.1
after4,execution/isolated/fft/16384/true/Inverse/synchronous/1,2947.1,2950.4,2954.9
after4,execution/isolated/fft/16384/true/Inverse/stage/1,3322.5,3333.8,3349
after4,execution/isolated/fft/16384/true/Inverse/blocked/1,2941.5,2945.7,2950.9
after4,execution/isolated/msm/32/synchronous/4,179.59,179.84,180.15
after4,execution/isolated/msm/32/runs/4,179.62,179.79,180.02
after4,execution/isolated/msm/1024/synchronous/4,930.62,932.96,935.13
after4,execution/isolated/msm/1024/runs/4,927.66,930.13,932.49
after4,execution/isolated/msm/8192/synchronous/4,5530.9,5536.8,5543.5
after4,execution/isolated/msm/8192/runs/4,5535.2,5540.1,5546.3
after4,execution/isolated/fft/64/false/Forward/synchronous/4,3.9098,3.9313,3.9684
after4,execution/isolated/fft/64/false/Forward/stage/4,3.8741,3.8797,3.8843
after4,execution/isolated/fft/64/false/Forward/blocked/4,3.8726,3.878,3.8839
after4,execution/isolated/fft/64/false/Inverse/synchronous/4,3.9597,3.963,3.9665
after4,execution/isolated/fft/64/false/Inverse/stage/4,3.9253,3.9274,3.9296
after4,execution/isolated/fft/64/false/Inverse/blocked/4,3.9232,3.9286,3.9341
after4,execution/isolated/fft/64/true/Forward/synchronous/4,5.1439,5.1502,5.1571
after4,execution/isolated/fft/64/true/Forward/stage/4,5.1089,5.1152,5.1231
after4,execution/isolated/fft/64/true/Forward/blocked/4,5.1121,5.1378,5.1764
after4,execution/isolated/fft/64/true/Inverse/synchronous/4,4.9166,4.9222,4.9291
after4,execution/isolated/fft/64/true/Inverse/stage/4,4.8844,4.8888,4.8943
after4,execution/isolated/fft/64/true/Inverse/blocked/4,4.8798,4.8857,4.8919
after4,execution/isolated/fft/2048/false/Forward/synchronous/4,146.48,146.84,147.24
after4,execution/isolated/fft/2048/false/Forward/stage/4,160.55,160.72,160.89
after4,execution/isolated/fft/2048/false/Forward/blocked/4,146.48,146.69,146.97
after4,execution/isolated/fft/2048/false/Inverse/synchronous/4,148.12,148.38,148.69
after4,execution/isolated/fft/2048/false/Inverse/stage/4,176.38,176.6,176.85
after4,execution/isolated/fft/2048/false/Inverse/blocked/4,148.49,148.91,149.4
after4,execution/isolated/fft/2048/true/Forward/synchronous/4,172.56,172.86,173.15
after4,execution/isolated/fft/2048/true/Forward/stage/4,187.67,187.92,188.18
after4,execution/isolated/fft/2048/true/Forward/blocked/4,172.52,172.92,173.36
after4,execution/isolated/fft/2048/true/Inverse/synchronous/4,160.27,160.77,161.46
after4,execution/isolated/fft/2048/true/Inverse/stage/4,204.02,204.23,204.46
after4,execution/isolated/fft/2048/true/Inverse/blocked/4,160.26,160.76,161.39
after4,execution/isolated/fft/16384/false/Forward/synchronous/4,789.7,791.37,793.31
after4,execution/isolated/fft/16384/false/Forward/stage/4,860.67,862.14,863.86
after4,execution/isolated/fft/16384/false/Forward/blocked/4,791.09,793.11,794.79
after4,execution/isolated/fft/16384/false/Inverse/synchronous/4,801.93,803.59,805.4
after4,execution/isolated/fft/16384/false/Inverse/stage/4,858.45,860.4,862.24
after4,execution/isolated/fft/16384/false/Inverse/blocked/4,803.83,805.16,806.46
after4,execution/isolated/fft/16384/true/Forward/synchronous/4,1089.9,1092.7,1097.3
after4,execution/isolated/fft/16384/true/Forward/stage/4,954.91,957.58,960.59
after4,execution/isolated/fft/16384/true/Forward/blocked/4,1087.7,1091.1,1095
after4,execution/isolated/fft/16384/true/Inverse/synchronous/4,863.62,865.09,866.91
after4,execution/isolated/fft/16384/true/Inverse/stage/4,958.02,960.44,963.36
after4,execution/isolated/fft/16384/true/Inverse/blocked/4,864.53,870.41,880.99
after4,execution/isolated/msm/32/synchronous/16,179.81,180.02,180.24
after4,execution/isolated/msm/32/runs/16,179.72,179.87,180.04
after4,execution/isolated/msm/1024/synchronous/16,584.93,586.27,588.07
after4,execution/isolated/msm/1024/runs/16,584.83,586.32,587.94
after4,execution/isolated/msm/8192/synchronous/16,2339.4,2377.7,2431.4
after4,execution/isolated/msm/8192/runs/16,2296.6,2335.6,2392.3
after4,execution/isolated/fft/64/false/Forward/synchronous/16,3.9076,3.9131,3.9191
after4,execution/isolated/fft/64/false/Forward/stage/16,3.8721,3.8777,3.8838
after4,execution/isolated/fft/64/false/Forward/blocked/16,3.8755,3.8797,3.884
after4,execution/isolated/fft/64/false/Inverse/synchronous/16,3.9593,3.9623,3.9658
after4,execution/isolated/fft/64/false/Inverse/stage/16,3.9233,3.9277,3.9323
after4,execution/isolated/fft/64/false/Inverse/blocked/16,3.9208,3.9248,3.9292
after4,execution/isolated/fft/64/true/Forward/synchronous/16,5.1447,5.1489,5.1536
after4,execution/isolated/fft/64/true/Forward/stage/16,5.1158,5.1195,5.1229
after4,execution/isolated/fft/64/true/Forward/blocked/16,5.1161,5.1202,5.1251
after4,execution/isolated/fft/64/true/Inverse/synchronous/16,4.917,4.9228,4.9271
after4,execution/isolated/fft/64/true/Inverse/stage/16,4.8814,4.8869,4.8929
after4,execution/isolated/fft/64/true/Inverse/blocked/16,4.8796,4.8858,4.891
after4,execution/isolated/fft/2048/false/Forward/synchronous/16,259.7,261.42,263.14
after4,execution/isolated/fft/2048/false/Forward/stage/16,158.96,159.15,159.33
after4,execution/isolated/fft/2048/false/Forward/blocked/16,257.8,259.09,260.46
after4,execution/isolated/fft/2048/false/Inverse/synchronous/16,258.76,260.05,261.42
after4,execution/isolated/fft/2048/false/Inverse/stage/16,181.43,181.64,181.87
after4,execution/isolated/fft/2048/false/Inverse/blocked/16,257.99,258.6,259.13
after4,execution/isolated/fft/2048/true/Forward/synchronous/16,291.44,293.58,295.82
after4,execution/isolated/fft/2048/true/Forward/stage/16,194.54,194.89,195.21
after4,execution/isolated/fft/2048/true/Forward/blocked/16,291.86,293.41,295
after4,execution/isolated/fft/2048/true/Inverse/synchronous/16,258.85,260.72,262.3
after4,execution/isolated/fft/2048/true/Inverse/stage/16,207.75,207.97,208.18
after4,execution/isolated/fft/2048/true/Inverse/blocked/16,258.38,259.91,261.36
after4,execution/isolated/fft/16384/false/Forward/synchronous/16,730.62,734.37,738.25
after4,execution/isolated/fft/16384/false/Forward/stage/16,837.76,849.05,862.29
after4,execution/isolated/fft/16384/false/Forward/blocked/16,727.11,732.11,737.73
after4,execution/isolated/fft/16384/false/Inverse/synchronous/16,736.12,738.99,742.65
after4,execution/isolated/fft/16384/false/Inverse/stage/16,917.61,921.2,925.01
after4,execution/isolated/fft/16384/false/Inverse/blocked/16,739.55,742.03,744.92
after4,execution/isolated/fft/16384/true/Forward/synchronous/16,885.02,889.82,896.41
after4,execution/isolated/fft/16384/true/Forward/stage/16,955.51,960.2,964.6
after4,execution/isolated/fft/16384/true/Forward/blocked/16,883.37,888.42,892.45
after4,execution/isolated/fft/16384/true/Inverse/synchronous/16,780.01,782.24,784.88
after4,execution/isolated/fft/16384/true/Inverse/stage/16,984.46,989.79,994.86
after4,execution/isolated/fft/16384/true/Inverse/blocked/16,781.78,785.24,789.51
